ADM_CD,ADM_NM,population_2024,older_65_lower,older_65_upper,snap_m,baseline_m,road_closure_m,road_and_facility_m,all_intersecting_roads_m
38070110,진영읍,58521,8583.0,8583.0,184.832448437177,5377.998240422521,18565.47573814455,18565.47573814455,18565.47573814455
38070320,주촌면,21551,1763.0,1767.0,338.19258447787206,4272.220616529631,4272.220616529631,4272.220616529631,4272.220616529631
38070330,진례면,8131,2001.0,2005.0,292.2171893363673,7119.478558116355,7119.478558116355,7119.478558116355,7119.478558116355
38070340,한림면,9219,2486.0,2486.0,235.84593973122318,8180.297685482412,8974.621137205031,8974.621137205031,inf
38070350,생림면,4547,1497.0,1497.0,96.17774130417506,9959.133623080786,9959.133623080786,9959.133623080786,9959.133623080786
38070360,상동면,4058,1087.0,1091.0,360.5434521145903,10572.04929403219,10572.04929403219,10572.04929403219,10572.04929403219
38070370,대동면,4800,2246.0,2250.0,394.796489517153,14878.641645216947,14878.641645216947,14878.641645216947,14878.641645216947
38070510,동상동,9803,1988.0,1988.0,98.17213016868621,1434.0917766525301,1434.0917766525301,1434.0917766525301,1434.0917766525301
38070520,회현동,8854,2271.0,2275.0,89.07943003525382,514.5899380522776,514.5899380522776,514.5899380522776,514.5899380522776
38070530,부원동,9869,2112.0,2120.0,302.4880330155149,793.0840504885523,793.0840504885523,793.0840504885523,793.0840504885523
38070540,내외동,70886,10029.0,10029.0,36.94318828723667,476.48398208843633,476.48398208843633,476.48398208843633,476.48398208843633
38070550,북부동,81354,9973.0,9977.0,35.60026189373066,720.5792331534004,720.5792331534004,720.5792331534004,720.5792331534004
38070560,칠산서부동,9057,2442.0,2446.0,176.79362368982808,4830.528431873002,4830.528431873002,4830.528431873002,4830.528431873002
38070580,활천동,39574,7192.0,7196.0,29.95445728617803,683.1162952495283,683.1162952495283,683.1162952495283,683.1162952495283
38070590,삼안동,36758,5944.0,5948.0,97.28670938729651,2737.7879580264666,2737.7879580264666,2737.7879580264666,2737.7879580264666
38070600,불암동,6647,1333.0,1337.0,40.747045661409956,3003.659096299181,3003.659096299181,3003.659096299181,3003.659096299181
38070610,장유1동,57662,6658.0,6662.0,32.222494902918164,1491.2634658245715,1491.2634658245715,1491.2634658245715,1491.2634658245715
38070620,장유2동,36916,4534.0,4534.0,422.1762859915404,2829.1366762124285,2829.1366762124285,2829.1366762124285,2829.1366762124285
38070630,장유3동,71654,5787.0,5787.0,7.4895120657862515,460.00049651717177,460.00049651717177,460.00049651717177,460.00049651717177
