reachable_origins,reachable_population,reachable_older_lower,within_20km_origins,within_20km_population,within_20km_older_lower,median_finite_road_distance_km,major_disruption_origins,major_disruption_population,major_disruption_older_lower,district_code,budget_fraction,budget_m,policy,restored_physical_segments,restored_length_m,within_20km_population_recovered_vs_closure,within_20km_older_recovered_vs_closure,major_disruption_population_recovered,major_disruption_older_recovered
8,55472,14969,8,55472,14969,9.763722993626546,2,6203,2858,38520,0.01,6065.974945671246,total_population,21,2458.6910678390714,6736,2156,23560,6293
8,55472,14969,8,55472,14969,9.763722993626546,2,6203,2858,38520,0.01,6065.974945671246,older_population,21,2458.6910678390714,6736,2156,23560,6293
8,55472,14969,8,55472,14969,9.455766998552354,2,6203,2858,38520,0.02,12131.949891342492,total_population,34,6426.044825544652,6736,2156,23560,6293
8,55472,14969,8,55472,14969,9.455766998552354,2,6203,2858,38520,0.02,12131.949891342492,older_population,34,6426.044825544652,6736,2156,23560,6293
10,61675,17827,10,61675,17827,11.05093915551763,0,0,0,38520,0.05,30329.874728356233,total_population,85,19619.69858251206,12939,5014,29763,9151
10,61675,17827,10,61675,17827,11.05093915551763,0,0,0,38520,0.05,30329.874728356233,older_population,85,19619.69858251206,12939,5014,29763,9151
10,61675,17827,10,61675,17827,11.05093915551763,0,0,0,38520,0.1,60659.74945671247,total_population,85,19619.69858251206,12939,5014,29763,9151
10,61675,17827,10,61675,17827,11.05093915551763,0,0,0,38520,0.1,60659.74945671247,older_population,85,19619.69858251206,12939,5014,29763,9151
10,61675,17827,10,61675,17827,11.05093915551763,0,0,0,38520,0.2,121319.49891342493,total_population,85,19619.69858251206,12939,5014,29763,9151
10,61675,17827,10,61675,17827,11.05093915551763,0,0,0,38520,0.2,121319.49891342493,older_population,85,19619.69858251206,12939,5014,29763,9151
