BASE_DATE,SIGUNGU_CD,SIGUNGU_NM,population_2024,older_65_lower,suppressed_older_cells,older_age_cells,older_65_upper,older_share_lower,older_share_upper,valid_stops,exposed_stops,selected_medical_sites,exposed_medical_sites,상급종합_sites,상급종합_exposed,종합병원_sites,종합병원_exposed,병원_sites,병원_exposed,의원_sites,의원_exposed,보건의료원_sites,보건의료원_exposed,약국_sites,약국_exposed,stop_exposure_rate,selected_medical_exposure_rate,urban_type,flood_scenario,flood_hazard_zero_means
20250630,11010,종로구,144486,28376.0,0,8,28376.0,0.19639273009149674,0.19639273009149674,475,0,410,0,2,0,2,0,3,0,206,0,0,0,197,0,0.0,0.0,metropolitan,100-year national-river map (five regional files),no intersection with mapped national-river scenario
20250630,11020,중구,126899,25565.0,0,8,25565.0,0.2014594283642897,0.2014594283642897,311,0,523,0,0,0,1,0,3,0,323,0,0,0,196,0,0.0,0.0,metropolitan,100-year national-river map (five regional files),no intersection with mapped national-river scenario
20250630,11030,용산구,203401,37342.0,0,8,37342.0,0.18358808462101955,0.18358808462101955,433,7,290,10,0,0,1,0,1,0,173,3,0,0,115,7,0.016166281755196306,0.034482758620689655,metropolitan,100-year national-river map (five regional files),no intersection with mapped national-river scenario
20250630,11040,성동구,274688,50191.0,0,8,50191.0,0.18272003145386767,0.18272003145386767,503,121,428,147,1,0,1,0,4,2,255,87,0,0,167,58,0.24055666003976142,0.34345794392523366,metropolitan,100-year national-river map (five regional files),no intersection with mapped national-river scenario
20250630,11050,광진구,345130,59214.0,0,8,59214.0,0.17157013299336482,0.17157013299336482,399,75,522,149,1,1,1,0,4,1,314,91,0,0,202,56,0.18796992481203006,0.28544061302681994,metropolitan,100-year national-river map (five regional files),no intersection with mapped national-river scenario
20250630,11060,동대문구,355789,68195.0,0,8,68195.0,0.19167259246351068,0.19167259246351068,415,127,573,225,1,0,3,0,12,6,297,125,0,0,260,94,0.3060240963855422,0.39267015706806285,metropolitan,100-year national-river map (five regional files),no intersection with mapped national-river scenario
20250630,11070,중랑구,375066,81464.0,0,8,81464.0,0.2171991062906262,0.2171991062906262,533,117,492,104,0,0,3,0,13,2,279,64,0,0,197,38,0.21951219512195122,0.21138211382113822,metropolitan,100-year national-river map (five regional files),no intersection with mapped national-river scenario
20250630,11080,성북구,429210,81597.0,0,8,81597.0,0.190109736492626,0.190109736492626,684,10,484,10,1,0,0,0,6,0,272,4,0,0,205,6,0.014619883040935672,0.02066115702479339,metropolitan,100-year national-river map (five regional files),no intersection with mapped national-river scenario
20250630,11090,강북구,280470,69659.0,0,8,69659.0,0.2483652440546226,0.2483652440546226,453,0,419,0,0,0,2,0,8,0,241,0,0,0,168,0,0.0,0.0,metropolitan,100-year national-river map (five regional files),no intersection with mapped national-river scenario
20250630,11100,도봉구,296997,72548.0,0,8,72548.0,0.24427182766155886,0.24427182766155886,450,2,303,0,0,0,1,0,4,0,176,0,0,0,122,0,0.0044444444444444444,0.0,metropolitan,100-year national-river map (five regional files),no intersection with mapped national-river scenario
20250630,11110,노원구,486446,97949.0,0,8,97949.0,0.2013563684355509,0.2013563684355509,725,29,639,27,0,0,3,0,5,2,398,14,0,0,233,11,0.04,0.04225352112676056,metropolitan,100-year national-river map (five regional files),no intersection with mapped national-river scenario
20250630,11120,은평구,448142,95619.0,0,8,95619.0,0.21336763793618987,0.21336763793618987,727,0,592,0,0,0,2,0,11,0,344,0,0,0,235,0,0.0,0.0,metropolitan,100-year national-river map (five regional files),no intersection with mapped national-river scenario
20250630,11130,서대문구,316345,58237.0,0,8,58237.0,0.1840933158418815,0.1840933158418815,557,0,390,0,1,0,1,0,2,0,221,0,0,0,165,0,0.0,0.0,metropolitan,100-year national-river map (five regional files),no intersection with mapped national-river scenario
20250630,11140,마포구,358927,57968.0,0,8,57968.0,0.16150359265254494,0.16150359265254494,755,168,679,227,0,0,0,0,6,3,442,151,0,0,231,73,0.22251655629139072,0.33431516936671574,metropolitan,100-year national-river map (five regional files),no intersection with mapped national-river scenario
20250630,11150,양천구,417397,78317.0,0,8,78317.0,0.18763191877277507,0.18763191877277507,496,185,540,285,1,1,2,1,4,1,335,187,0,0,198,95,0.37298387096774194,0.5277777777777778,metropolitan,100-year national-river map (five regional files),no intersection with mapped national-river scenario
20250630,11160,강서구,543974,105361.0,0,8,105361.0,0.19368756594984318,0.19368756594984318,859,392,810,442,0,0,4,3,20,11,495,273,0,0,291,155,0.4563445867287544,0.5456790123456791,metropolitan,100-year national-river map (five regional files),no intersection with mapped national-river scenario
20250630,11170,구로구,418832,87321.0,0,8,87321.0,0.2084869350956947,0.2084869350956947,721,187,524,147,1,0,1,0,10,1,309,93,0,0,203,53,0.2593619972260749,0.28053435114503816,metropolitan,100-year national-river map (five regional files),no intersection with mapped national-river scenario
20250630,11180,금천구,243662,49884.0,0,8,49884.0,0.20472621910679548,0.20472621910679548,558,88,325,32,0,0,1,0,5,0,176,21,0,0,143,11,0.15770609318996415,0.09846153846153846,metropolitan,100-year national-river map (five regional files),no intersection with mapped national-river scenario
20250630,11190,영등포구,400799,73437.0,0,8,73437.0,0.18322650505615035,0.18322650505615035,723,227,743,289,0,0,7,2,9,6,440,171,0,0,287,110,0.313969571230982,0.38896366083445494,metropolitan,100-year national-river map (five regional files),no intersection with mapped national-river scenario
20250630,11200,동작구,381172,72022.0,0,8,72022.0,0.1889488210046908,0.1889488210046908,543,0,504,0,1,0,1,0,5,0,296,0,0,0,201,0,0.0,0.0,metropolitan,100-year national-river map (five regional files),no intersection with mapped national-river scenario
20250630,11210,관악구,490493,87786.0,0,8,87786.0,0.17897503124407485,0.17897503124407485,637,0,613,0,0,0,1,0,11,0,359,0,0,0,242,0,0.0,0.0,metropolitan,100-year national-river map (five regional files),no intersection with mapped national-river scenario
20250630,11220,서초구,386254,66418.0,0,8,66418.0,0.1719542062994817,0.1719542062994817,994,14,1320,7,1,0,1,0,14,0,980,5,0,0,324,2,0.014084507042253521,0.005303030303030303,metropolitan,100-year national-river map (five regional files),no intersection with mapped national-river scenario
20250630,11230,강남구,528194,88580.0,0,8,88580.0,0.1677035331715241,0.1677035331715241,856,0,2760,0,2,0,2,0,32,0,2162,0,0,0,562,0,0.0,0.0,metropolitan,100-year national-river map (five regional files),no intersection with mapped national-river scenario
20250630,11240,송파구,628648,111369.0,0,8,111369.0,0.17715637367811557,0.17715637367811557,821,184,1127,528,1,0,1,0,22,10,687,340,0,0,416,178,0.2241169305724726,0.46850044365572313,metropolitan,100-year national-river map (five regional files),no intersection with mapped national-river scenario
20250630,11250,강동구,454023,87072.0,0,8,87072.0,0.1917788305878777,0.1917788305878777,628,30,816,54,0,0,3,0,17,0,488,35,0,0,308,19,0.04777070063694268,0.0661764705882353,metropolitan,100-year national-river map (five regional files),no intersection with mapped national-river scenario
20250630,21010,중구,39599,12165.0,0,8,12165.0,0.30720472739210586,0.30720472739210586,162,0,129,0,0,0,1,0,2,0,70,0,0,0,56,0,0.0,0.0,metropolitan,100-year national-river map (five regional files),no intersection with mapped national-river scenario
20250630,21020,서구,103413,29547.0,0,8,29547.0,0.28571842998462477,0.28571842998462477,351,0,168,0,3,0,1,0,3,0,61,0,0,0,100,0,0.0,0.0,metropolitan,100-year national-river map (five regional files),no intersection with mapped national-river scenario
20250630,21030,동구,85665,25354.0,0,8,25354.0,0.29596684760403896,0.29596684760403896,281,0,146,0,0,0,3,0,4,0,72,0,0,0,67,0,0.0,0.0,metropolitan,100-year national-river map (five regional files),no intersection with mapped national-river scenario
20250630,21040,영도구,106825,33684.0,0,8,33684.0,0.315319447694828,0.315319447694828,431,0,130,0,0,0,2,0,2,0,72,0,0,0,54,0,0.0,0.0,metropolitan,100-year national-river map (five regional files),no intersection with mapped national-river scenario
20250630,21050,부산진구,356874,81470.0,0,8,81470.0,0.22828785509731725,0.22828785509731725,771,0,743,0,1,0,3,0,18,0,486,0,0,0,235,0,0.0,0.0,metropolitan,100-year national-river map (five regional files),no intersection with mapped national-river scenario
20250630,21060,동래구,265089,60488.0,0,8,60488.0,0.22817996974600982,0.22817996974600982,704,15,402,6,0,0,4,0,17,1,226,4,0,0,155,1,0.02130681818181818,0.014925373134328358,metropolitan,100-year national-river map (five regional files),no intersection with mapped national-river scenario
20250630,21070,남구,260090,60062.0,0,8,60062.0,0.2309277557768465,0.2309277557768465,567,0,317,0,0,0,1,0,6,0,192,0,0,0,118,0,0.0,0.0,metropolitan,100-year national-river map (five regional files),no intersection with mapped national-river scenario
20250630,21080,북구,265364,62024.0,0,8,62024.0,0.23373177974404968,0.23373177974404968,596,49,305,85,0,0,2,1,9,4,183,52,0,0,111,28,0.08221476510067115,0.2786885245901639,metropolitan,100-year national-river map (five regional files),no intersection with mapped national-river scenario
20250630,21090,해운대구,365974,81809.0,0,8,81809.0,0.22353773765349452,0.22353773765349452,741,10,572,15,0,0,2,0,14,1,374,8,0,0,182,6,0.01349527665317139,0.026223776223776224,metropolitan,100-year national-river map (five regional files),no intersection with mapped national-river scenario
20250630,21100,사하구,293036,71883.0,0,8,71883.0,0.24530433120845221,0.24530433120845221,819,88,360,58,0,0,0,0,19,2,207,35,0,0,134,21,0.10744810744810745,0.16111111111111112,metropolitan,100-year national-river map (five regional files),no intersection with mapped national-river scenario
20250630,21110,금정구,215539,55860.0,0,8,55860.0,0.25916423477885675,0.25916423477885675,740,6,279,0,0,0,0,0,11,0,159,0,0,0,109,0,0.008108108108108109,0.0,metropolitan,100-year national-river map (five regional files),no intersection with mapped national-river scenario
20250630,21120,강서구,145762,19902.0,1,8,19906.0,0.13653764355593365,0.1365650855504178,1860,651,112,31,0,0,0,0,6,1,58,14,0,0,48,16,0.35,0.2767857142857143,metropolitan,100-year national-river map (five regional files),no intersection with mapped national-river scenario
20250630,21130,연제구,207871,48068.0,0,8,48068.0,0.2312395668467463,0.2312395668467463,354,8,313,15,0,0,1,0,12,0,190,9,0,0,110,6,0.022598870056497175,0.04792332268370607,metropolitan,100-year national-river map (five regional files),no intersection with mapped national-river scenario
20250630,21140,수영구,167787,43764.0,0,8,43764.0,0.26083069606107745,0.26083069606107745,288,0,259,0,0,0,3,0,6,0,148,0,0,0,102,0,0.0,0.0,metropolitan,100-year national-river map (five regional files),no intersection with mapped national-river scenario
20250630,21150,사상구,205140,48169.0,0,8,48169.0,0.2348103734035293,0.2348103734035293,666,215,202,79,0,0,2,0,7,3,113,45,0,0,80,31,0.3228228228228228,0.3910891089108911,metropolitan,100-year national-river map (five regional files),no intersection with mapped national-river scenario
20250630,21510,기장군,173228,33431.0,0,8,33431.0,0.1929884314314083,0.1929884314314083,1057,0,177,0,0,0,1,0,4,0,100,0,0,0,72,0,0.0,0.0,metropolitan,100-year national-river map (five regional files),no intersection with mapped national-river scenario
20250630,22010,중구,94128,17284.0,0,8,17284.0,0.18362230154682985,0.18362230154682985,288,0,463,0,1,0,2,0,11,0,286,0,0,0,163,0,0.0,0.0,metropolitan,100-year national-river map (five regional files),no intersection with mapped national-river scenario
20250630,22020,동구,336051,79253.0,0,8,79253.0,0.23583622723931785,0.23583622723931785,1275,137,461,79,0,0,2,1,6,0,258,45,0,0,195,33,0.10745098039215686,0.17136659436008678,metropolitan,100-year national-river map (five regional files),no intersection with mapped national-river scenario
20250630,22030,서구,164111,44961.0,0,8,44961.0,0.2739670101333853,0.2739670101333853,453,70,242,38,0,0,2,0,9,0,122,22,0,0,109,16,0.1545253863134658,0.15702479338842976,metropolitan,100-year national-river map (five regional files),no intersection with mapped national-river scenario
20250630,22040,남구,136119,37860.0,0,8,37860.0,0.2781389813325105,0.2781389813325105,372,0,235,0,2,0,1,0,7,0,116,0,0,0,109,0,0.0,0.0,metropolitan,100-year national-river map (five regional files),no intersection with mapped national-river scenario
20250630,22050,북구,422633,77880.0,0,8,77880.0,0.18427335300366984,0.18427335300366984,1389,131,510,25,1,0,1,0,20,2,279,13,0,0,209,10,0.09431245500359971,0.049019607843137254,metropolitan,100-year national-river map (five regional files),no intersection with mapped national-river scenario
20250630,22060,수성구,398685,78278.0,0,8,78278.0,0.19634046929280008,0.19634046929280008,932,4,726,0,0,0,1,0,14,0,464,0,0,0,247,0,0.004291845493562232,0.0,metropolitan,100-year national-river map (five regional files),no intersection with mapped national-river scenario
20250630,22070,달서구,532999,99729.0,0,8,99729.0,0.1871091690603547,0.1871091690603547,1222,142,739,14,1,0,5,0,20,1,429,7,0,0,284,6,0.11620294599018004,0.018944519621109608,metropolitan,100-year national-river map (five regional files),no intersection with mapped national-river scenario
20250630,22510,달성군,263117,42515.0,0,8,42515.0,0.16158210985987223,0.16158210985987223,1490,126,227,14,0,0,0,0,5,0,126,10,0,0,96,4,0.08456375838926175,0.06167400881057269,metropolitan,100-year national-river map (five regional files),no intersection with mapped national-river scenario
20250630,22520,군위군,21493,9768.0,1,8,9772.0,0.4544735495277532,0.45465965663239194,681,0,15,0,0,0,0,0,0,0,8,0,0,0,7,0,0.0,0.0,metropolitan,100-year national-river map (five regional files),no intersection with mapped national-river scenario
20250630,23010,중구,164937,26301.0,0,8,26301.0,0.15946088506520673,0.15946088506520673,806,0,151,0,1,0,1,0,3,0,71,0,0,0,75,0,0.0,0.0,metropolitan,100-year national-river map (five regional files),no intersection with mapped national-river scenario
20250630,23020,동구,57944,15375.0,0,8,15375.0,0.2653423995581941,0.2653423995581941,175,0,78,0,0,0,2,0,0,0,42,0,0,0,34,0,0.0,0.0,metropolitan,100-year national-river map (five regional files),no intersection with mapped national-river scenario
20250630,23040,연수구,417391,51872.0,0,8,51872.0,0.12427675728513551,0.12427675728513551,836,0,426,0,0,0,2,0,4,0,274,0,0,0,146,0,0.0,0.0,metropolitan,100-year national-river map (five regional files),no intersection with mapped national-river scenario
20250630,23050,남동구,492920,91974.0,0,8,91974.0,0.1865901160431713,0.1865901160431713,1171,0,627,0,1,0,1,0,13,0,371,0,0,0,241,0,0.0,0.0,metropolitan,100-year national-river map (five regional files),no intersection with mapped national-river scenario
20250630,23060,부평구,504885,94261.0,0,8,94261.0,0.18669796092179408,0.18669796092179408,1091,87,608,29,1,0,2,0,7,0,348,16,0,0,250,13,0.07974335472043996,0.047697368421052634,metropolitan,100-year national-river map (five regional files),no intersection with mapped national-river scenario
20250630,23070,계양구,278600,51002.0,0,8,51002.0,0.18306532663316583,0.18306532663316583,640,34,304,0,0,0,2,0,8,0,169,0,0,0,125,0,0.053125,0.0,metropolitan,100-year national-river map (five regional files),no intersection with mapped national-river scenario
20250630,23080,서구,634066,84464.0,0,8,84464.0,0.13321010746515347,0.13321010746515347,1624,0,572,0,0,0,5,0,11,0,342,0,0,0,214,0,0.0,0.0,metropolitan,100-year national-river map (five regional files),no intersection with mapped national-river scenario
20250630,23090,미추홀구,421789,84424.0,0,8,84424.0,0.20015695051317128,0.20015695051317128,731,0,470,0,0,0,2,0,14,0,248,0,0,0,206,0,0.0,0.0,metropolitan,100-year national-river map (five regional files),no intersection with mapped national-river scenario
20250630,23510,강화군,66309,25672.0,0,8,25672.0,0.3871570978298572,0.3871570978298572,1539,0,50,0,0,0,1,0,1,0,20,0,0,0,28,0,0.0,0.0,metropolitan,100-year national-river map (five regional files),no intersection with mapped national-river scenario
20250630,23520,옹진군,19192,6231.0,0,8,6231.0,0.3246665277198833,0.3246665277198833,134,0,6,0,0,0,0,0,1,0,3,0,0,0,2,0,0.0,0.0,metropolitan,100-year national-river map (five regional files),no intersection with mapped national-river scenario
20250630,24010,동구,111289,25486.0,0,8,25486.0,0.22900735921789214,0.22900735921789214,231,0,230,0,2,0,1,0,7,0,120,0,0,0,100,0,0.0,0.0,metropolitan,100-year national-river map (five regional files),no intersection with mapped national-river scenario
20250630,24020,서구,278639,50566.0,0,8,50566.0,0.18147495504936495,0.18147495504936495,463,7,463,0,0,0,5,0,22,0,281,0,0,0,155,0,0.01511879049676026,0.0,metropolitan,100-year national-river map (five regional files),no intersection with mapped national-river scenario
20250630,24030,남구,208707,44934.0,0,8,44934.0,0.21529704322327473,0.21529704322327473,371,11,281,0,0,0,4,0,11,0,154,0,0,0,112,0,0.029649595687331536,0.0,metropolitan,100-year national-river map (five regional files),no intersection with mapped national-river scenario
20250630,24040,북구,433088,80073.0,0,8,80073.0,0.18488852150140386,0.18488852150140386,779,3,516,0,0,0,6,0,25,0,282,0,0,0,203,0,0.0038510911424903724,0.0,metropolitan,100-year national-river map (five regional files),no intersection with mapped national-river scenario
20250630,24050,광산구,412447,49157.0,0,8,49157.0,0.11918379816073338,0.11918379816073338,1192,13,413,0,0,0,7,0,14,0,226,0,0,0,166,0,0.010906040268456376,0.0,metropolitan,100-year national-river map (five regional files),no intersection with mapped national-river scenario
20250630,25010,동구,229875,49858.0,0,8,49858.0,0.21689178901576944,0.21689178901576944,659,9,296,1,0,0,1,0,4,0,165,1,0,0,126,0,0.013657056145675266,0.0033783783783783786,metropolitan,100-year national-river map (five regional files),no intersection with mapped national-river scenario
20250630,25020,중구,220497,52516.0,0,8,52516.0,0.23817104087583957,0.23817104087583957,398,2,328,0,1,0,2,0,3,0,170,0,0,0,152,0,0.005025125628140704,0.0,metropolitan,100-year national-river map (five regional files),no intersection with mapped national-river scenario
20250630,25030,서구,462226,75250.0,0,8,75250.0,0.16279915019925317,0.16279915019925317,603,5,764,6,1,0,2,0,25,0,471,4,0,0,265,2,0.008291873963515755,0.007853403141361256,metropolitan,100-year national-river map (five regional files),no intersection with mapped national-river scenario
20250630,25040,유성구,384024,45984.0,0,8,45984.0,0.11974251609274421,0.11974251609274421,1099,4,412,2,0,0,1,0,12,0,237,1,0,0,162,1,0.003639672429481347,0.0048543689320388345,metropolitan,100-year national-river map (five regional files),no intersection with mapped national-river scenario
20250630,25050,대덕구,170471,34650.0,0,8,34650.0,0.20326037859811932,0.20326037859811932,467,0,202,0,0,0,2,0,4,0,103,0,0,0,93,0,0.0,0.0,metropolitan,100-year national-river map (five regional files),no intersection with mapped national-river scenario
20250630,26010,중구,203766,41345.0,0,8,41345.0,0.20290431180864324,0.20290431180864324,476,57,195,39,0,0,2,0,3,0,108,18,0,0,82,21,0.11974789915966387,0.2,metropolitan,100-year national-river map (five regional files),no intersection with mapped national-river scenario
20250630,26020,남구,305176,50962.0,0,8,50962.0,0.16699216190001834,0.16699216190001834,743,156,483,214,0,0,3,1,20,9,298,142,0,0,162,62,0.20995962314939434,0.44306418219461696,metropolitan,100-year national-river map (five regional files),no intersection with mapped national-river scenario
20250630,26030,동구,158268,26786.0,0,8,26786.0,0.16924457249728309,0.16924457249728309,357,0,161,0,1,0,0,0,0,0,88,0,0,0,72,0,0.0,0.0,metropolitan,100-year national-river map (five regional files),no intersection with mapped national-river scenario
20250630,26040,북구,215421,25091.0,0,8,25091.0,0.11647425274230461,0.11647425274230461,564,9,146,2,0,0,2,0,4,0,81,0,0,0,59,2,0.015957446808510637,0.0136986301369863,metropolitan,100-year national-river map (five regional files),no intersection with mapped national-river scenario
20250630,26510,울주군,224263,41974.0,0,8,41974.0,0.18716417777341782,0.18716417777341782,1758,58,156,26,0,0,1,0,6,0,79,15,0,0,70,11,0.03299203640500569,0.16666666666666666,metropolitan,100-year national-river map (five regional files),no intersection with mapped national-river scenario
20250630,29010,세종시,390156,43457.0,0,8,43457.0,0.11138365166753811,0.11138365166753811,3420,54,403,0,0,0,2,0,3,0,234,0,0,0,164,0,0.015789473684210527,0.0,metropolitan,100-year national-river map (five regional files),no intersection with mapped national-river scenario
20250630,31011,수원시 장안구,280812,46076.0,0,8,46076.0,0.16408130706664958,0.16408130706664958,357,0,283,0,0,0,1,0,2,0,159,0,0,0,121,0,0.0,0.0,city,100-year national-river map (five regional files),no intersection with mapped national-river scenario
20250630,31012,수원시 권선구,370600,55154.0,0,8,55154.0,0.14882352941176472,0.14882352941176472,543,0,325,0,0,0,2,0,7,0,172,0,0,0,144,0,0.0,0.0,city,100-year national-river map (five regional files),no intersection with mapped national-river scenario
20250630,31013,수원시 팔달구,208817,35424.0,0,8,35424.0,0.16964136061719112,0.16964136061719112,257,0,457,0,1,0,2,0,14,0,273,0,0,0,167,0,0.0,0.0,city,100-year national-river map (five regional files),no intersection with mapped national-river scenario
20250630,31014,수원시 영통구,364750,35147.0,0,8,35147.0,0.09635915010281014,0.09635915010281014,375,0,446,0,1,0,0,0,11,0,268,0,0,0,166,0,0.0,0.0,city,100-year national-river map (five regional files),no intersection with mapped national-river scenario
20250630,31021,성남시 수정구,246990,47019.0,0,8,47019.0,0.19036803109437628,0.19036803109437628,436,0,409,0,0,0,2,0,6,0,254,0,0,0,147,0,0.0,0.0,city,100-year national-river map (five regional files),no intersection with mapped national-river scenario
20250630,31022,성남시 중원구,205957,40718.0,0,8,40718.0,0.19770146195565094,0.19770146195565094,384,0,266,0,0,0,1,0,2,0,159,0,0,0,104,0,0.0,0.0,city,100-year national-river map (five regional files),no intersection with mapped national-river scenario
20250630,31023,성남시 분당구,447920,72212.0,0,8,72212.0,0.16121628862296838,0.16121628862296838,899,0,869,0,1,0,3,0,9,0,570,0,0,0,286,0,0.0,0.0,city,100-year national-river map (five regional files),no intersection with mapped national-river scenario
20250630,31030,의정부시,456516,86423.0,0,8,86423.0,0.1893099037054561,0.1893099037054561,875,0,549,0,0,0,5,0,13,0,312,0,0,0,219,0,0.0,0.0,city,100-year national-river map (five regional files),no intersection with mapped national-river scenario
20250630,31041,안양시 만안구,229980,47310.0,0,8,47310.0,0.20571354030785285,0.20571354030785285,433,0,258,0,0,0,2,0,1,0,141,0,0,0,114,0,0.0,0.0,city,100-year national-river map (five regional files),no intersection with mapped national-river scenario
20250630,31042,안양시 동안구,315820,48615.0,0,8,48615.0,0.15393261984674814,0.15393261984674814,464,0,491,0,1,0,0,0,10,0,301,0,0,0,179,0,0.0,0.0,city,100-year national-river map (five regional files),no intersection with mapped national-river scenario
20250630,31051,부천시 원미구,401522,70306.0,0,8,70306.0,0.17509874925906924,0.17509874925906924,759,6,588,4,1,0,2,0,13,0,340,2,0,0,232,2,0.007905138339920948,0.006802721088435374,city,100-year national-river map (five regional files),no intersection with mapped national-river scenario
20250630,31052,부천시 소사구,240865,47430.0,0,8,47430.0,0.19691528449546428,0.19691528449546428,312,11,249,0,0,0,1,0,6,0,137,0,0,0,105,0,0.035256410256410256,0.0,city,100-year national-river map (five regional files),no intersection with mapped national-river scenario
20250630,31053,부천시 오정구,151695,30402.0,0,8,30402.0,0.20041530703055474,0.20041530703055474,418,19,171,0,0,0,1,0,3,0,90,0,0,0,77,0,0.045454545454545456,0.0,city,100-year national-river map (five regional files),no intersection with mapped national-river scenario
20250630,31060,광명시,272371,48895.0,0,8,48895.0,0.17951617462945763,0.17951617462945763,680,190,399,179,0,0,2,0,6,2,247,111,0,0,144,66,0.27941176470588236,0.44862155388471175,city,100-year national-river map (five regional files),no intersection with mapped national-river scenario
20250630,31070,평택시,615755,82649.0,0,8,82649.0,0.1342238390268857,0.1342238390268857,2010,229,611,102,0,0,4,1,12,0,330,62,0,0,265,39,0.11393034825870647,0.16693944353518822,city,100-year national-river map (five regional files),no intersection with mapped national-river scenario
20250630,31080,동두천시,89466,22551.0,0,8,22551.0,0.25206223593320365,0.25206223593320365,369,32,81,13,0,0,0,0,2,1,40,5,0,0,39,7,0.08672086720867209,0.16049382716049382,city,100-year national-river map (five regional files),no intersection with mapped national-river scenario
20250630,31091,안산시 상록구,348328,52472.0,0,8,52472.0,0.1506396270182127,0.1506396270182127,507,0,259,0,0,0,2,0,5,0,130,0,0,0,122,0,0.0,0.0,city,100-year national-river map (five regional files),no intersection with mapped national-river scenario
20250630,31092,안산시 단원구,353223,47995.0,0,8,47995.0,0.13587733528111137,0.13587733528111137,831,0,447,0,1,0,2,0,14,0,249,0,0,0,181,0,0.0,0.0,city,100-year national-river map (five regional files),no intersection with mapped national-river scenario
20250630,31101,고양시 덕양구,482446,86602.0,0,8,86602.0,0.179506100164578,0.179506100164578,1454,93,532,8,0,0,2,0,10,0,307,3,0,0,213,5,0.0639614855570839,0.015037593984962405,city,100-year national-river map (five regional files),no intersection with mapped national-river scenario
20250630,31103,고양시 일산동구,288578,49921.0,0,8,49921.0,0.17298962498873788,0.17298962498873788,662,49,348,2,0,0,4,0,9,0,187,1,0,0,148,1,0.07401812688821752,0.005747126436781609,city,100-year national-river map (five regional files),no intersection with mapped national-river scenario
20250630,31104,고양시 일산서구,273944,47090.0,0,8,47090.0,0.17189644598896126,0.17189644598896126,570,32,334,3,0,0,1,0,5,0,194,1,0,0,134,2,0.056140350877192984,0.008982035928143712,city,100-year national-river map (five regional files),no intersection with mapped national-river scenario
20250630,31110,과천시,81213,12257.0,0,8,12257.0,0.15092411313459667,0.15092411313459667,184,0,97,0,0,0,0,0,0,0,63,0,0,0,34,0,0.0,0.0,city,100-year national-river map (five regional files),no intersection with mapped national-river scenario
20250630,31120,구리시,182102,32541.0,0,8,32541.0,0.1786965546781474,0.1786965546781474,392,70,285,47,0,0,1,0,8,0,169,29,0,0,107,18,0.17857142857142858,0.1649122807017544,city,100-year national-river map (five regional files),no intersection with mapped national-river scenario
20250630,31130,남양주시,718385,128621.0,0,8,128621.0,0.17904187865837956,0.17904187865837956,2078,4,710,30,0,0,2,0,17,0,402,20,0,0,289,10,0.0019249278152069298,0.04225352112676056,city,100-year national-river map (five regional files),no intersection with mapped national-river scenario
20250630,31140,오산시,254071,31453.0,0,8,31453.0,0.12379610423857898,0.12379610423857898,477,33,228,48,0,0,1,0,8,1,116,29,0,0,103,18,0.06918238993710692,0.21052631578947367,city,100-year national-river map (five regional files),no intersection with mapped national-river scenario
20250630,31150,시흥시,571982,69658.0,0,8,69658.0,0.12178355262927855,0.12178355262927855,1308,5,492,0,0,0,3,0,8,0,290,0,0,0,191,0,0.00382262996941896,0.0,city,100-year national-river map (five regional files),no intersection with mapped national-river scenario
20250630,31160,군포시,258110,47006.0,0,8,47006.0,0.18211615202820503,0.18211615202820503,556,0,270,0,0,0,2,0,4,0,149,0,0,0,115,0,0.0,0.0,city,100-year national-river map (five regional files),no intersection with mapped national-river scenario
20250630,31170,의왕시,151306,27674.0,0,8,27674.0,0.18290087636974078,0.18290087636974078,479,0,128,0,0,0,0,0,2,0,74,0,0,0,52,0,0.0,0.0,city,100-year national-river map (five regional files),no intersection with mapped national-river scenario
20250630,31180,하남시,320872,50104.0,0,8,50104.0,0.15614949263257624,0.15614949263257624,631,1,381,2,0,0,0,0,9,0,241,1,0,0,131,1,0.001584786053882726,0.005249343832020997,city,100-year national-river map (five regional files),no intersection with mapped national-river scenario
20250630,31191,용인시 처인구,286273,47897.0,0,8,47897.0,0.16731232075676017,0.16731232075676017,1540,0,234,0,0,0,2,0,7,0,124,0,0,0,101,0,0.0,0.0,city,100-year national-river map (five regional files),no intersection with mapped national-river scenario
20250630,31192,용인시 기흥구,429488,70616.0,0,8,70616.0,0.16441902916961593,0.16441902916961593,832,0,416,0,0,0,2,0,9,0,238,0,0,0,167,0,0.0,0.0,city,100-year national-river map (five regional files),no intersection with mapped national-river scenario
20250630,31193,용인시 수지구,361720,56379.0,0,8,56379.0,0.15586365144310516,0.15586365144310516,575,0,397,0,0,0,0,0,8,0,238,0,0,0,151,0,0.0,0.0,city,100-year national-river map (five regional files),no intersection with mapped national-river scenario
20250630,31200,파주시,510689,82330.0,0,8,82330.0,0.16121357616866624,0.16121357616866624,2273,225,433,67,0,0,2,1,15,1,242,38,0,0,174,27,0.09898812142542895,0.15473441108545036,city,100-year national-river map (five regional files),no intersection with mapped national-river scenario
20250630,31210,이천시,230189,38394.0,0,8,38394.0,0.16679337414038028,0.16679337414038028,1170,20,229,8,0,0,1,0,4,0,119,3,0,0,105,5,0.017094017094017096,0.034934497816593885,city,100-year national-river map (five regional files),no intersection with mapped national-river scenario
20250630,31220,안성시,215739,40774.0,0,8,40774.0,0.18899688976031223,0.18899688976031223,1457,5,182,0,0,0,2,0,2,0,88,0,0,0,90,0,0.0034317089910775567,0.0,city,100-year national-river map (five regional files),no intersection with mapped national-river scenario
20250630,31230,김포시,499536,75734.0,0,8,75734.0,0.15160869286698056,0.15160869286698056,1462,115,422,67,0,0,2,1,13,2,246,38,0,0,161,26,0.0786593707250342,0.15876777251184834,city,100-year national-river map (five regional files),no intersection with mapped national-river scenario
20250630,31240,화성시,1004079,104483.0,0,8,104483.0,0.10405854519415304,0.10405854519415304,3162,41,864,15,0,0,4,0,15,0,503,12,0,0,342,3,0.012966476913345983,0.017361111111111112,city,100-year national-river map (five regional files),no intersection with mapped national-river scenario
20250630,31250,광주시,402335,68457.0,0,8,68457.0,0.1701492537313433,0.1701492537313433,1354,33,303,7,0,0,1,0,3,0,168,4,0,0,131,3,0.024372230428360415,0.0231023102310231,city,100-year national-river map (five regional files),no intersection with mapped national-river scenario
20250630,31260,양주시,293000,51567.0,0,8,51567.0,0.17599658703071672,0.17599658703071672,1617,22,230,1,0,0,0,0,5,0,124,0,0,0,101,1,0.013605442176870748,0.004347826086956522,city,100-year national-river map (five regional files),no intersection with mapped national-river scenario
20250630,31270,포천시,157166,36543.0,0,8,36543.0,0.2325121209421885,0.2325121209421885,1227,0,126,0,0,0,2,0,2,0,64,0,0,0,58,0,0.0,0.0,city,100-year national-river map (five regional files),no intersection with mapped national-river scenario
20250630,31280,여주시,117477,29755.0,0,8,29755.0,0.2532836214748419,0.2532836214748419,1237,37,105,1,0,0,1,0,1,0,51,0,0,0,52,1,0.029911075181891674,0.009523809523809525,city,100-year national-river map (five regional files),no intersection with mapped national-river scenario
20250630,31550,연천군,40386,12846.0,0,8,12846.0,0.31808052295349876,0.31808052295349876,735,25,41,1,0,0,0,0,0,0,16,0,1,0,24,1,0.034013605442176874,0.024390243902439025,county,100-year national-river map (five regional files),no intersection with mapped national-river scenario
20250630,31570,가평군,60384,18742.0,0,8,18742.0,0.3103802331743508,0.3103802331743508,1014,18,56,2,0,0,0,0,2,0,27,1,0,0,27,1,0.01775147928994083,0.03571428571428571,county,100-year national-river map (five regional files),no intersection with mapped national-river scenario
20250630,31580,양평군,121622,37488.0,0,8,37488.0,0.30823370771735376,0.30823370771735376,1140,43,97,1,0,0,0,0,2,0,47,0,0,0,48,1,0.037719298245614034,0.010309278350515464,county,100-year national-river map (five regional files),no intersection with mapped national-river scenario
20250630,32010,춘천시,291783,60543.0,0,8,60543.0,0.20749323983919557,0.20749323983919557,1817,61,331,9,0,0,2,0,4,1,181,5,0,0,144,3,0.033571821684094665,0.027190332326283987,city,100-year national-river map (five regional files),no intersection with mapped national-river scenario
20250630,32020,원주시,365720,68041.0,0,8,68041.0,0.18604670239527507,0.18604670239527507,1980,51,449,0,1,0,1,0,17,0,239,0,0,0,191,0,0.025757575757575757,0.0,city,100-year national-river map (five regional files),no intersection with mapped national-river scenario
20250630,32030,강릉시,212352,53307.0,0,8,53307.0,0.25103130650994576,0.25103130650994576,20,0,223,0,1,0,3,0,1,0,122,0,0,0,96,0,0.0,0.0,city,100-year national-river map (five regional files),no intersection with mapped national-river scenario
20250630,32040,동해시,85673,21492.0,0,8,21492.0,0.2508608313004097,0.2508608313004097,4,0,89,0,0,0,2,0,1,0,48,0,0,0,38,0,0.0,0.0,city,100-year national-river map (five regional files),no intersection with mapped national-river scenario
20250630,32050,태백시,37590,11656.0,0,8,11656.0,0.3100824687416866,0.3100824687416866,414,0,43,0,0,0,1,0,1,0,22,0,0,0,19,0,0.0,0.0,city,100-year national-river map (five regional files),no intersection with mapped national-river scenario
20250630,32060,속초시,79758,19124.0,0,8,19124.0,0.23977532034404073,0.23977532034404073,53,0,113,0,0,0,2,0,0,0,69,0,0,0,42,0,0.0,0.0,city,100-year national-river map (five regional files),no intersection with mapped national-river scenario
20250630,32070,삼척시,62953,18110.0,0,8,18110.0,0.28767493209219575,0.28767493209219575,130,0,56,0,0,0,1,0,1,0,24,0,0,0,30,0,0.0,0.0,city,100-year national-river map (five regional files),no intersection with mapped national-river scenario
20250630,32510,홍천군,65719,21513.0,0,8,21513.0,0.32734825545123936,0.32734825545123936,1170,8,57,1,0,0,1,1,1,0,28,0,0,0,27,0,0.006837606837606838,0.017543859649122806,county,100-year national-river map (five regional files),no intersection with mapped national-river scenario
20250630,32520,횡성군,45947,16158.0,0,8,16158.0,0.35166605001414675,0.35166605001414675,1099,4,32,0,0,0,0,0,1,0,13,0,0,0,18,0,0.003639672429481347,0.0,county,100-year national-river map (five regional files),no intersection with mapped national-river scenario
20250630,32530,영월군,35449,12610.0,0,8,12610.0,0.35572230528364696,0.35572230528364696,806,18,29,2,0,0,1,0,1,0,10,1,0,0,17,1,0.022332506203473945,0.06896551724137931,county,100-year national-river map (five regional files),no intersection with mapped national-river scenario
20250630,32540,평창군,39016,13442.0,0,8,13442.0,0.34452532294443305,0.34452532294443305,80,0,33,0,0,0,0,0,0,0,14,0,1,0,18,0,0.0,0.0,county,100-year national-river map (five regional files),no intersection with mapped national-river scenario
20250630,32550,정선군,32503,11166.0,0,8,11166.0,0.34353751961357415,0.34353751961357415,62,0,25,3,0,0,0,0,2,0,8,2,0,0,15,1,0.0,0.12,county,100-year national-river map (five regional files),no intersection with mapped national-river scenario
20250630,32560,철원군,40069,11001.0,0,8,11001.0,0.2745513988370062,0.2745513988370062,350,0,36,0,0,0,0,0,1,0,17,0,0,0,18,0,0.0,0.0,county,100-year national-river map (five regional files),no intersection with mapped national-river scenario
20250630,32570,화천군,22278,6099.0,0,8,6099.0,0.2737678427147859,0.2737678427147859,5,0,19,12,0,0,0,0,0,0,10,5,1,1,8,6,0.0,0.631578947368421,county,100-year national-river map (five regional files),no intersection with mapped national-river scenario
20250630,32580,양구군,20443,5282.0,1,8,5286.0,0.258376950545419,0.2585726165435601,2,0,15,5,0,0,0,0,3,1,5,2,0,0,7,2,0.0,0.3333333333333333,county,100-year national-river map (five regional files),no intersection with mapped national-river scenario
20250630,32590,인제군,31167,7620.0,0,8,7620.0,0.24448936375012031,0.24448936375012031,63,0,17,0,0,0,0,0,1,0,5,0,0,0,11,0,0.0,0.0,county,100-year national-river map (five regional files),no intersection with mapped national-river scenario
20250630,32600,고성군,27774,8708.0,0,8,8708.0,0.3135306401670627,0.3135306401670627,0,0,19,0,0,0,0,0,0,0,7,0,0,0,12,0,,0.0,county,100-year national-river map (five regional files),no intersection with mapped national-river scenario
20250630,32610,양양군,26687,9380.0,0,8,9380.0,0.35148199497882865,0.35148199497882865,396,0,17,0,0,0,0,0,0,0,6,0,0,0,11,0,0.0,0.0,county,100-year national-river map (five regional files),no intersection with mapped national-river scenario
20250630,33020,충주시,215904,49773.0,0,8,49773.0,0.2305330146731881,0.2305330146731881,1879,53,225,0,0,0,2,0,3,0,125,0,0,0,95,0,0.028206492815327302,0.0,city,100-year national-river map (five regional files),no intersection with mapped national-river scenario
20250630,33030,제천시,130733,34704.0,0,8,34704.0,0.2654570766371153,0.2654570766371153,1591,0,140,0,0,0,2,0,1,0,81,0,0,0,56,0,0.0,0.0,city,100-year national-river map (five regional files),no intersection with mapped national-river scenario
20250630,33041,청주시 상당구,195499,36451.0,0,8,36451.0,0.18645108159121018,0.18645108159121018,885,0,236,0,0,0,2,0,4,0,134,0,0,0,96,0,0.0,0.0,city,100-year national-river map (five regional files),no intersection with mapped national-river scenario
20250630,33042,청주시 서원구,190979,36000.0,0,8,36000.0,0.18850240078752115,0.18850240078752115,668,0,214,0,1,0,1,0,6,0,112,0,0,0,94,0,0.0,0.0,city,100-year national-river map (five regional files),no intersection with mapped national-river scenario
20250630,33043,청주시 흥덕구,291048,38850.0,0,8,38850.0,0.13348313680217697,0.13348313680217697,1308,144,342,1,0,0,2,0,9,0,194,0,0,0,137,1,0.11009174311926606,0.0029239766081871343,city,100-year national-river map (five regional files),no intersection with mapped national-river scenario
20250630,33044,청주시 청원구,195842,30752.0,0,8,30752.0,0.15702454019056178,0.15702454019056178,813,6,182,0,0,0,1,0,8,0,98,0,0,0,75,0,0.007380073800738007,0.0,city,100-year national-river map (five regional files),no intersection with mapped national-river scenario
20250630,33520,보은군,29858,11986.0,0,8,11986.0,0.4014334516712439,0.4014334516712439,785,10,29,1,0,0,0,0,1,0,13,0,0,0,15,1,0.012738853503184714,0.034482758620689655,county,100-year national-river map (five regional files),no intersection with mapped national-river scenario
20250630,33530,옥천군,47416,16428.0,0,8,16428.0,0.3464653281592711,0.3464653281592711,1040,9,51,0,0,0,1,0,0,0,28,0,0,0,22,0,0.008653846153846154,0.0,county,100-year national-river map (five regional files),no intersection with mapped national-river scenario
20250630,33540,영동군,43730,16084.0,0,8,16084.0,0.36780242396524127,0.36780242396524127,855,13,52,0,0,0,0,0,1,0,26,0,0,0,25,0,0.0152046783625731,0.0,county,100-year national-river map (five regional files),no intersection with mapped national-river scenario
20250630,33550,진천군,96544,16728.0,0,8,16728.0,0.173268147166059,0.173268147166059,760,0,84,0,0,0,1,0,1,0,42,0,0,0,40,0,0.0,0.0,county,100-year national-river map (five regional files),no intersection with mapped national-river scenario
20250630,33560,괴산군,37346,14190.0,0,8,14190.0,0.3799603705885503,0.3799603705885503,915,14,22,0,0,0,0,0,2,0,8,0,0,0,12,0,0.015300546448087432,0.0,county,100-year national-river map (five regional files),no intersection with mapped national-river scenario
20250630,33570,음성군,106652,23238.0,0,8,23238.0,0.21788620935378614,0.21788620935378614,954,9,93,6,0,0,1,0,2,0,45,3,0,0,45,3,0.009433962264150943,0.06451612903225806,county,100-year national-river map (five regional files),no intersection with mapped national-river scenario
20250630,33580,단양군,26597,9994.0,0,8,9994.0,0.37575666428544574,0.37575666428544574,591,21,17,0,0,0,0,0,0,0,7,0,1,0,9,0,0.03553299492385787,0.0,county,100-year national-river map (five regional files),no intersection with mapped national-river scenario
20250630,33590,증평군,38180,7916.0,1,8,7920.0,0.2073336825563122,0.2074384494499738,56,0,46,0,0,0,0,0,1,0,21,0,0,0,24,0,0.0,0.0,county,100-year national-river map (five regional files),no intersection with mapped national-river scenario
20250630,34011,천안시 동남구,279621,47130.0,0,8,47130.0,0.1685495724570043,0.1685495724570043,1477,1,287,0,1,0,2,0,4,0,140,0,0,0,140,0,0.0006770480704129993,0.0,city,100-year national-river map (five regional files),no intersection with mapped national-river scenario
20250630,34012,천안시 서북구,415144,45942.0,0,8,45942.0,0.11066521496155551,0.11066521496155551,1114,13,436,0,0,0,1,0,19,0,241,0,0,0,175,0,0.011669658886894075,0.0,city,100-year national-river map (five regional files),no intersection with mapped national-river scenario
20250630,34020,공주시,104393,30842.0,0,8,30842.0,0.2954412652189323,0.2954412652189323,2040,48,123,0,0,0,1,0,0,0,63,0,0,0,59,0,0.023529411764705882,0.0,city,100-year national-river map (five regional files),no intersection with mapped national-river scenario
20250630,34030,보령시,96182,28342.0,0,8,28342.0,0.2946705204716059,0.2946705204716059,1557,6,110,0,0,0,1,0,2,0,58,0,0,0,49,0,0.0038535645472061657,0.0,city,100-year national-river map (five regional files),no intersection with mapped national-river scenario
20250630,34040,아산시,392509,53048.0,0,8,53048.0,0.13515104112262394,0.13515104112262394,2334,66,313,1,0,0,1,0,9,0,168,0,0,0,135,1,0.028277634961439587,0.003194888178913738,city,100-year national-river map (five regional files),no intersection with mapped national-river scenario
20250630,34050,서산시,178586,37946.0,0,8,37946.0,0.21248026161065256,0.21248026161065256,2008,0,163,0,0,0,2,0,1,0,85,0,0,0,75,0,0.0,0.0,city,100-year national-river map (five regional files),no intersection with mapped national-river scenario
20250630,34060,논산시,114692,33938.0,0,8,33938.0,0.2959055557493112,0.2959055557493112,1365,167,141,90,0,0,1,0,2,1,73,49,0,0,65,40,0.12234432234432234,0.6382978723404256,city,100-year national-river map (five regional files),no intersection with mapped national-river scenario
20250630,34070,계룡시,45026,6980.0,0,8,6980.0,0.15502154310842625,0.15502154310842625,177,0,43,0,0,0,0,0,1,0,23,0,0,0,19,0,0.0,0.0,city,100-year national-river map (five regional files),no intersection with mapped national-river scenario
20250630,34080,당진시,177715,36023.0,0,8,36023.0,0.20270095377430156,0.20270095377430156,2378,136,165,0,0,0,1,0,3,0,85,0,0,0,76,0,0.057190916736753576,0.0,city,100-year national-river map (five regional files),no intersection with mapped national-river scenario
20250630,34510,금산군,53212,17111.0,0,8,17111.0,0.32156280538224463,0.32156280538224463,1044,12,71,0,0,0,0,0,1,0,35,0,0,0,35,0,0.011494252873563218,0.0,county,100-year national-river map (five regional files),no intersection with mapped national-river scenario
20250630,34530,부여군,59930,23675.0,0,8,23675.0,0.3950442182546304,0.3950442182546304,1328,158,65,39,0,0,0,0,1,1,29,18,0,0,35,20,0.11897590361445783,0.6,county,100-year national-river map (five regional files),no intersection with mapped national-river scenario
20250630,34540,서천군,48575,19697.0,0,8,19697.0,0.40549665465774576,0.40549665465774576,1057,74,56,0,0,0,0,0,1,0,28,0,0,0,27,0,0.07000946073793755,0.0,county,100-year national-river map (five regional files),no intersection with mapped national-river scenario
20250630,34550,청양군,29818,11547.0,1,8,11551.0,0.3872493124958079,0.3873834596552418,1242,38,23,0,0,0,0,0,0,0,9,0,1,0,13,0,0.030595813204508857,0.0,county,100-year national-river map (five regional files),no intersection with mapped national-river scenario
20250630,34560,홍성군,102178,26261.0,0,8,26261.0,0.25701227270058136,0.25701227270058136,1410,4,98,0,0,0,1,0,0,0,51,0,0,0,46,0,0.0028368794326241137,0.0,county,100-year national-river map (five regional files),no intersection with mapped national-river scenario
20250630,34570,예산군,79848,26480.0,0,8,26480.0,0.33163009718465086,0.33163009718465086,1461,41,81,0,0,0,1,0,2,0,39,0,0,0,39,0,0.02806297056810404,0.0,county,100-year national-river map (five regional files),no intersection with mapped national-river scenario
20250630,34580,태안군,60814,21312.0,0,8,21312.0,0.35044562107409477,0.35044562107409477,1793,0,56,0,0,0,0,0,0,0,27,0,1,0,28,0,0.0,0.0,county,100-year national-river map (five regional files),no intersection with mapped national-river scenario
20250630,35011,전주시 완산구,327406,65301.0,0,8,65301.0,0.19944961301869849,0.19944961301869849,622,0,550,0,0,0,2,0,21,0,302,0,0,0,225,0,0.0,0.0,city,100-year national-river map (five regional files),no intersection with mapped national-river scenario
20250630,35012,전주시 덕진구,322228,53740.0,0,8,53740.0,0.16677631987288505,0.16677631987288505,825,80,422,5,1,0,2,0,5,0,234,3,0,0,180,2,0.09696969696969697,0.011848341232227487,city,100-year national-river map (five regional files),no intersection with mapped national-river scenario
20250630,35020,군산시,265473,58444.0,0,8,58444.0,0.22015044844485127,0.22015044844485127,1763,76,318,0,0,0,2,0,7,0,168,0,0,0,141,0,0.04310833806012479,0.0,city,100-year national-river map (five regional files),no intersection with mapped national-river scenario
20250630,35030,익산시,272392,63401.0,0,8,63401.0,0.23275646861875532,0.23275646861875532,77,9,352,4,1,0,1,0,6,1,179,1,0,0,165,2,0.11688311688311688,0.011363636363636364,city,100-year national-river map (five regional files),no intersection with mapped national-river scenario
20250630,35040,정읍시,101887,31567.0,0,8,31567.0,0.3098236281370538,0.3098236281370538,1404,59,142,3,0,0,2,0,3,0,74,1,0,0,63,2,0.04202279202279202,0.02112676056338028,city,100-year national-river map (five regional files),no intersection with mapped national-river scenario
20250630,35050,남원시,73781,23916.0,0,8,23916.0,0.32414849351459046,0.32414849351459046,1018,42,98,45,0,0,1,0,1,0,57,28,0,0,39,17,0.0412573673870334,0.45918367346938777,city,100-year national-river map (five regional files),no intersection with mapped national-river scenario
20250630,35060,김제시,79692,27137.0,0,8,27137.0,0.34052351553480903,0.34052351553480903,1616,148,96,0,0,0,0,0,3,0,51,0,0,0,42,0,0.09158415841584158,0.0,city,100-year national-river map (five regional files),no intersection with mapped national-river scenario
20250630,35510,완주군,102877,24235.0,0,8,24235.0,0.23557257696083672,0.23557257696083672,1319,59,99,18,0,0,0,0,2,0,54,10,0,0,43,8,0.04473085670962851,0.18181818181818182,county,100-year national-river map (five regional files),no intersection with mapped national-river scenario
20250630,35520,진안군,22855,8942.0,0,8,8942.0,0.39124917961058847,0.39124917961058847,575,0,21,0,0,0,0,0,2,0,10,0,0,0,9,0,0.0,0.0,county,100-year national-river map (five regional files),no intersection with mapped national-river scenario
20250630,35530,무주군,22904,8327.0,0,8,8327.0,0.3635609500523926,0.3635609500523926,448,1,21,0,0,0,0,0,0,0,9,0,1,0,11,0,0.002232142857142857,0.0,county,100-year national-river map (five regional files),no intersection with mapped national-river scenario
20250630,35540,장수군,19838,7660.0,0,8,7660.0,0.38612763383405585,0.38612763383405585,360,0,17,0,0,0,0,0,0,0,7,0,1,0,9,0,0.0,0.0,county,100-year national-river map (five regional files),no intersection with mapped national-river scenario
20250630,35550,임실군,24275,9669.0,0,8,9669.0,0.39831101956745624,0.39831101956745624,664,0,28,0,0,0,0,0,0,0,14,0,1,0,13,0,0.0,0.0,county,100-year national-river map (five regional files),no intersection with mapped national-river scenario
20250630,35560,순창군,25494,9543.0,0,8,9543.0,0.37432337020475404,0.37432337020475404,541,2,30,0,0,0,0,0,1,0,15,0,1,0,13,0,0.0036968576709796672,0.0,county,100-year national-river map (five regional files),no intersection with mapped national-river scenario
20250630,35570,고창군,51371,19299.0,0,8,19299.0,0.3756788849740126,0.3756788849740126,1068,0,51,0,0,0,1,0,1,0,27,0,0,0,22,0,0.0,0.0,county,100-year national-river map (five regional files),no intersection with mapped national-river scenario
20250630,35580,부안군,46363,17537.0,0,8,17537.0,0.3782542113323124,0.3782542113323124,888,60,56,0,0,0,1,0,2,0,24,0,0,0,29,0,0.06756756756756757,0.0,county,100-year national-river map (five regional files),no intersection with mapped national-river scenario
20250630,36010,목포시,214701,45417.0,0,8,45417.0,0.21153604314837846,0.21153604314837846,505,0,272,0,0,0,5,0,16,0,131,0,0,0,120,0,0.0,0.0,city,100-year national-river map (five regional files),no intersection with mapped national-river scenario
20250630,36020,여수시,265859,61836.0,0,8,61836.0,0.23258945531277858,0.23258945531277858,2283,0,295,0,0,0,3,0,8,0,156,0,0,0,128,0,0.0,0.0,city,100-year national-river map (five regional files),no intersection with mapped national-river scenario
20250630,36030,순천시,271376,52072.0,0,8,52072.0,0.19188137491893167,0.19188137491893167,2711,0,295,1,0,0,6,0,17,0,145,0,0,0,127,1,0.0,0.003389830508474576,city,100-year national-river map (five regional files),no intersection with mapped national-river scenario
20250630,36040,나주시,118018,27829.0,0,8,27829.0,0.23580301309969665,0.23580301309969665,2087,255,124,15,0,0,2,0,1,0,66,8,0,0,55,7,0.122184954480115,0.12096774193548387,city,100-year national-river map (five regional files),no intersection with mapped national-river scenario
20250630,36060,광양시,150390,24471.0,0,8,24471.0,0.16271693596648715,0.16271693596648715,1169,43,116,0,0,0,2,0,3,0,59,0,0,0,52,0,0.036783575705731396,0.0,city,100-year national-river map (five regional files),no intersection with mapped national-river scenario
20250630,36510,담양군,43310,15007.0,0,8,15007.0,0.3465019625952436,0.3465019625952436,544,2,46,4,0,0,0,0,1,0,25,2,0,0,20,2,0.003676470588235294,0.08695652173913043,county,100-year national-river map (five regional files),no intersection with mapped national-river scenario
20250630,36520,곡성군,25990,10137.0,0,8,10137.0,0.39003462870334743,0.39003462870334743,510,13,30,0,0,0,0,0,1,0,13,0,1,0,15,0,0.025490196078431372,0.0,county,100-year national-river map (five regional files),no intersection with mapped national-river scenario
20250630,36530,구례군,22724,9092.0,0,8,9092.0,0.40010561520859006,0.40010561520859006,323,15,24,0,0,0,0,0,1,0,11,0,1,0,11,0,0.04643962848297214,0.0,county,100-year national-river map (five regional files),no intersection with mapped national-river scenario
20250630,36550,고흥군,58776,26062.0,0,8,26062.0,0.4434122771199129,0.4434122771199129,1196,0,65,0,0,0,1,0,3,0,31,0,0,0,30,0,0.0,0.0,county,100-year national-river map (five regional files),no intersection with mapped national-river scenario
20250630,36560,보성군,36033,15366.0,0,8,15366.0,0.42644242777454,0.42644242777454,30,0,46,0,0,0,0,0,2,0,20,0,0,0,24,0,0.0,0.0,county,100-year national-river map (five regional files),no intersection with mapped national-river scenario
20250630,36570,화순군,59174,18301.0,0,8,18301.0,0.30927434346165544,0.30927434346165544,896,14,69,0,1,0,0,0,4,0,32,0,0,0,32,0,0.015625,0.0,county,100-year national-river map (five regional files),no intersection with mapped national-river scenario
20250630,36580,장흥군,33351,12774.0,0,8,12774.0,0.38301700098947555,0.38301700098947555,773,18,43,1,0,0,1,0,2,0,24,1,0,0,16,0,0.02328589909443726,0.023255813953488372,county,100-year national-river map (five regional files),no intersection with mapped national-river scenario
20250630,36590,강진군,31042,12111.0,0,8,12111.0,0.390148830616584,0.390148830616584,11,0,34,0,0,0,1,0,0,0,19,0,0,0,14,0,0.0,0.0,county,100-year national-river map (five regional files),no intersection with mapped national-river scenario
20250630,36600,해남군,62068,22385.0,0,8,22385.0,0.36065283237739254,0.36065283237739254,1311,0,75,0,0,0,2,0,1,0,40,0,0,0,32,0,0.0,0.0,county,100-year national-river map (five regional files),no intersection with mapped national-river scenario
20250630,36610,영암군,60323,14846.0,0,8,14846.0,0.2461084495134526,0.2461084495134526,977,0,50,0,0,0,0,0,2,0,24,0,0,0,24,0,0.0,0.0,county,100-year national-river map (five regional files),no intersection with mapped national-river scenario
20250630,36620,무안군,92913,18398.0,0,8,18398.0,0.19801319513953913,0.19801319513953913,911,21,90,0,0,0,1,0,1,0,49,0,0,0,39,0,0.02305159165751921,0.0,county,100-year national-river map (five regional files),no intersection with mapped national-river scenario
20250630,36630,함평군,29009,11632.0,0,8,11632.0,0.4009790065152194,0.4009790065152194,888,107,29,14,0,0,0,0,2,0,13,7,0,0,14,7,0.1204954954954955,0.4827586206896552,county,100-year national-river map (five regional files),no intersection with mapped national-river scenario
20250630,36640,영광군,50012,15756.0,0,8,15756.0,0.3150443893465568,0.3150443893465568,171,0,65,0,0,0,2,0,0,0,35,0,0,0,28,0,0.0,0.0,county,100-year national-river map (five regional files),no intersection with mapped national-river scenario
20250630,36650,장성군,40067,13439.0,0,8,13439.0,0.33541318291861133,0.33541318291861133,969,0,34,0,0,0,0,0,2,0,16,0,0,0,16,0,0.0,0.0,county,100-year national-river map (five regional files),no intersection with mapped national-river scenario
20250630,36660,완도군,48182,15884.0,0,8,15884.0,0.32966668050309245,0.32966668050309245,460,0,44,0,0,0,0,0,1,0,21,0,1,0,21,0,0.0,0.0,county,100-year national-river map (five regional files),no intersection with mapped national-river scenario
20250630,36670,진도군,29448,10165.0,0,8,10165.0,0.3451847324096713,0.3451847324096713,442,0,31,0,0,0,0,0,2,0,16,0,0,0,13,0,0.0,0.0,county,100-year national-river map (five regional files),no intersection with mapped national-river scenario
20250630,36680,신안군,35572,13894.0,0,8,13894.0,0.3905881030023614,0.3905881030023614,573,0,24,0,0,0,0,0,2,0,11,0,0,0,11,0,0.0,0.0,county,100-year national-river map (five regional files),no intersection with mapped national-river scenario
20250630,37011,포항시 남구,222544,49916.0,0,8,49916.0,0.2242972176288734,0.2242972176288734,879,85,221,69,0,0,3,1,2,1,113,33,0,0,103,34,0.09670079635949944,0.31221719457013575,city,100-year national-river map (five regional files),no intersection with mapped national-river scenario
20250630,37012,포항시 북구,270531,59667.0,0,8,59667.0,0.2205551304656398,0.2205551304656398,1063,14,318,38,0,0,2,0,6,2,178,25,0,0,132,11,0.01317027281279398,0.11949685534591195,city,100-year national-river map (five regional files),no intersection with mapped national-river scenario
20250630,37020,경주시,258733,65458.0,0,8,65458.0,0.2529943996320531,0.2529943996320531,2084,128,260,16,0,0,1,0,10,0,125,8,0,0,124,8,0.061420345489443376,0.06153846153846154,city,100-year national-river map (five regional files),no intersection with mapped national-river scenario
20250630,37030,김천시,136187,36269.0,0,8,36269.0,0.26631763677884085,0.26631763677884085,1554,79,110,29,0,0,2,1,0,0,59,14,0,0,49,14,0.05083655083655084,0.2636363636363636,city,100-year national-river map (five regional files),no intersection with mapped national-river scenario
20250630,37040,안동시,153692,42723.0,0,8,42723.0,0.27797803399005805,0.27797803399005805,2135,65,150,8,0,0,3,0,3,0,79,4,0,0,65,4,0.03044496487119438,0.05333333333333334,city,100-year national-river map (five regional files),no intersection with mapped national-river scenario
20250630,37050,구미시,407365,52311.0,0,8,52311.0,0.12841309390841138,0.12841309390841138,2207,70,413,0,0,0,3,0,5,0,226,0,0,0,179,0,0.031717263253285,0.0,city,100-year national-river map (five regional files),no intersection with mapped national-river scenario
20250630,37060,영주시,99151,30921.0,0,8,30921.0,0.311857671632157,0.311857671632157,961,0,95,0,0,0,1,0,4,0,51,0,0,0,39,0,0.0,0.0,city,100-year national-river map (five regional files),no intersection with mapped national-river scenario
20250630,37070,영천시,99523,31603.0,0,8,31603.0,0.3175446881625353,0.3175446881625353,2124,73,105,55,0,0,1,0,1,0,58,36,0,0,45,19,0.03436911487758945,0.5238095238095238,city,100-year national-river map (five regional files),no intersection with mapped national-river scenario
20250630,37080,상주시,92458,32420.0,0,8,32420.0,0.35064569858746675,0.35064569858746675,1479,3,93,0,0,0,2,0,1,0,46,0,0,0,44,0,0.002028397565922921,0.0,city,100-year national-river map (five regional files),no intersection with mapped national-river scenario
20250630,37090,문경시,65505,23195.0,0,8,23195.0,0.35409510724372184,0.35409510724372184,1075,2,84,0,0,0,1,0,1,0,40,0,0,0,42,0,0.0018604651162790699,0.0,city,100-year national-river map (five regional files),no intersection with mapped national-river scenario
20250630,37100,경산시,298529,55009.0,0,8,55009.0,0.18426685514640118,0.18426685514640118,2553,35,289,1,0,0,2,0,4,0,163,0,0,0,120,1,0.013709361535448493,0.0034602076124567475,city,100-year national-river map (five regional files),no intersection with mapped national-river scenario
20250630,37520,의성군,47094,22094.0,0,8,22094.0,0.4691468127574638,0.4691468127574638,1136,0,41,0,0,0,0,0,2,0,18,0,0,0,21,0,0.0,0.0,county,100-year national-river map (five regional files),no intersection with mapped national-river scenario
20250630,37530,청송군,23079,9869.0,0,8,9869.0,0.4276181810303739,0.4276181810303739,572,0,23,0,0,0,0,0,0,0,11,0,1,0,11,0,0.0,0.0,county,100-year national-river map (five regional files),no intersection with mapped national-river scenario
20250630,37540,영양군,15059,6287.0,0,8,6287.0,0.41749120127498507,0.41749120127498507,614,0,6,0,0,0,0,0,1,0,1,0,0,0,4,0,0.0,0.0,county,100-year national-river map (five regional files),no intersection with mapped national-river scenario
20250630,37550,영덕군,32655,13711.0,0,8,13711.0,0.4198744449548308,0.4198744449548308,791,0,42,0,0,0,0,0,1,0,18,0,0,0,23,0,0.0,0.0,county,100-year national-river map (five regional files),no intersection with mapped national-river scenario
20250630,37560,청도군,39479,16751.0,0,8,16751.0,0.4243015273943109,0.4243015273943109,520,2,37,0,0,0,0,0,2,0,19,0,0,0,16,0,0.0038461538461538464,0.0,county,100-year national-river map (five regional files),no intersection with mapped national-river scenario
20250630,37570,고령군,30934,10564.0,0,8,10564.0,0.34150126074869075,0.34150126074869075,498,93,24,4,0,0,0,0,1,0,12,2,0,0,11,2,0.18674698795180722,0.16666666666666666,county,100-year national-river map (five regional files),no intersection with mapped national-river scenario
20250630,37580,성주군,41068,14996.0,0,8,14996.0,0.36515048212720363,0.36515048212720363,1102,28,32,0,0,0,0,0,1,0,15,0,0,0,16,0,0.025408348457350273,0.0,county,100-year national-river map (five regional files),no intersection with mapped national-river scenario
20250630,37590,칠곡군,110043,21145.0,0,8,21145.0,0.19215215870159846,0.19215215870159846,1775,18,100,0,0,0,0,0,1,0,54,0,0,0,45,0,0.010140845070422535,0.0,county,100-year national-river map (five regional files),no intersection with mapped national-river scenario
20250630,37600,예천군,53609,17699.0,0,8,17699.0,0.33014978828181835,0.33014978828181835,979,32,42,0,0,0,0,0,1,0,22,0,0,0,19,0,0.03268641470888662,0.0,county,100-year national-river map (five regional files),no intersection with mapped national-river scenario
20250630,37610,봉화군,27972,11918.0,0,8,11918.0,0.42606892606892605,0.42606892606892605,586,0,20,0,0,0,0,0,1,0,8,0,0,0,11,0,0.0,0.0,county,100-year national-river map (five regional files),no intersection with mapped national-river scenario
20250630,37620,울진군,45274,14225.0,0,8,14225.0,0.3141979944338914,0.3141979944338914,837,0,36,0,0,0,0,0,1,0,15,0,0,0,20,0,0.0,0.0,county,100-year national-river map (five regional files),no intersection with mapped national-river scenario
20250630,37630,울릉군,8515,2505.0,0,7,2505.0,0.29418672930123313,0.29418672930123313,116,0,3,0,0,0,0,0,0,0,0,0,1,0,2,0,0.0,0.0,county,100-year national-river map (five regional files),no intersection with mapped national-river scenario
20250630,38030,진주시,346145,69505.0,0,8,69505.0,0.20079735371015037,0.20079735371015037,1921,135,411,60,1,0,3,0,18,1,212,36,0,0,177,23,0.07027589796980739,0.145985401459854,city,100-year national-river map (five regional files),no intersection with mapped national-river scenario
20250630,38050,통영시,120204,29334.0,0,8,29334.0,0.24403514026155534,0.24403514026155534,793,0,138,0,0,0,1,0,5,0,72,0,0,0,60,0,0.0,0.0,city,100-year national-river map (five regional files),no intersection with mapped national-river scenario
20250630,38060,사천시,109218,27693.0,0,8,27693.0,0.25355710597154313,0.25355710597154313,793,0,102,0,0,0,0,0,4,0,49,0,0,0,49,0,0.0,0.0,city,100-year national-river map (five regional files),no intersection with mapped national-river scenario
20250630,38070,김해시,549861,79955.0,0,8,79955.0,0.14540947621307931,0.14540947621307931,2545,407,487,41,0,0,4,0,20,2,263,21,0,0,200,18,0.1599214145383104,0.08418891170431211,city,100-year national-river map (five regional files),no intersection with mapped national-river scenario
20250630,38080,밀양시,102535,33397.0,0,8,33397.0,0.32571317111230313,0.32571317111230313,947,198,102,54,0,0,0,0,7,4,47,22,0,0,48,28,0.20908130939809927,0.5294117647058824,city,100-year national-river map (five regional files),no intersection with mapped national-river scenario
20250630,38090,거제시,241284,35408.0,0,8,35408.0,0.1467482303012218,0.1467482303012218,1415,0,196,0,0,0,3,0,6,0,103,0,0,0,84,0,0.0,0.0,city,100-year national-river map (five regional files),no intersection with mapped national-river scenario
20250630,38100,양산시,359629,62880.0,0,8,62880.0,0.17484685606555644,0.17484685606555644,1659,331,367,225,1,0,2,1,12,9,198,127,0,0,154,88,0.1995177817962628,0.6130790190735694,city,100-year national-river map (five regional files),no intersection with mapped national-river scenario
20250630,38111,창원시 의창구,210801,37819.0,0,8,37819.0,0.17940616979995352,0.17940616979995352,946,272,231,8,0,0,2,0,12,0,109,4,0,0,108,4,0.28752642706131076,0.03463203463203463,city,100-year national-river map (five regional files),no intersection with mapped national-river scenario
20250630,38112,창원시 성산구,244140,31154.0,0,8,31154.0,0.12760711067420333,0.12760711067420333,588,19,293,0,0,0,2,0,10,0,183,0,0,0,98,0,0.03231292517006803,0.0,city,100-year national-river map (five regional files),no intersection with mapped national-river scenario
20250630,38113,창원시 마산합포구,178265,45654.0,0,8,45654.0,0.2561018708103105,0.2561018708103105,811,0,188,0,0,0,3,0,10,0,97,0,0,0,78,0,0.0,0.0,city,100-year national-river map (five regional files),no intersection with mapped national-river scenario
20250630,38114,창원시 마산회원구,178865,41216.0,0,8,41216.0,0.2304307718111425,0.2304307718111425,401,0,223,0,1,0,1,0,9,0,127,0,0,0,85,0,0.0,0.0,city,100-year national-river map (five regional files),no intersection with mapped national-river scenario
20250630,38115,창원시 진해구,188972,34087.0,0,8,34087.0,0.18038122049827487,0.18038122049827487,590,0,176,0,0,0,1,0,8,0,92,0,0,0,75,0,0.0,0.0,city,100-year national-river map (five regional files),no intersection with mapped national-river scenario
20250630,38510,의령군,24609,10011.0,0,8,10011.0,0.4068023893697428,0.4068023893697428,656,133,21,0,0,0,0,0,1,0,10,0,0,0,10,0,0.2027439024390244,0.0,county,100-year national-river map (five regional files),no intersection with mapped national-river scenario
20250630,38520,함안군,61675,17834.0,0,8,17834.0,0.2891609241994325,0.2891609241994325,873,244,49,28,0,0,0,0,2,0,22,15,0,0,25,13,0.27949599083619703,0.5714285714285714,county,100-year national-river map (five regional files),no intersection with mapped national-river scenario
20250630,38530,창녕군,57766,20508.0,0,8,20508.0,0.3550185230066129,0.3550185230066129,661,126,58,11,0,0,0,0,2,0,28,5,0,0,28,6,0.19062027231467474,0.1896551724137931,county,100-year national-river map (five regional files),no intersection with mapped national-river scenario
20250630,38540,고성군,47664,16949.0,0,8,16949.0,0.35559331990600873,0.35559331990600873,856,0,38,0,0,0,0,0,2,0,19,0,0,0,17,0,0.0,0.0,county,100-year national-river map (five regional files),no intersection with mapped national-river scenario
20250630,38550,남해군,39011,16120.0,0,8,16120.0,0.4132167850093563,0.4132167850093563,595,0,40,0,0,0,0,0,1,0,20,0,0,0,19,0,0.0,0.0,county,100-year national-river map (five regional files),no intersection with mapped national-river scenario
20250630,38560,하동군,38704,15725.0,0,8,15725.0,0.406288755684167,0.406288755684167,666,92,34,20,0,0,0,0,0,0,19,12,0,0,15,8,0.13813813813813813,0.5882352941176471,county,100-year national-river map (five regional files),no intersection with mapped national-river scenario
20250630,38570,산청군,32480,13614.0,0,8,13614.0,0.4191502463054187,0.4191502463054187,415,16,33,1,0,0,0,0,0,0,16,0,1,0,16,1,0.03855421686746988,0.030303030303030304,county,100-year national-river map (five regional files),no intersection with mapped national-river scenario
20250630,38580,함양군,35073,13627.0,0,8,13627.0,0.38853248937929463,0.38853248937929463,643,1,41,0,0,0,0,0,1,0,21,0,0,0,19,0,0.0015552099533437014,0.0,county,100-year national-river map (five regional files),no intersection with mapped national-river scenario
20250630,38590,거창군,58393,18496.0,0,8,18496.0,0.3167502954121213,0.3167502954121213,683,0,62,0,0,0,0,0,3,0,28,0,0,0,31,0,0.0,0.0,county,100-year national-river map (five regional files),no intersection with mapped national-river scenario
20250630,38600,합천군,38950,17258.0,0,8,17258.0,0.4430808729139923,0.4430808729139923,785,60,32,18,0,0,0,0,1,1,16,9,0,0,15,8,0.07643312101910828,0.5625,county,100-year national-river map (five regional files),no intersection with mapped national-river scenario
20250630,39010,제주시,493908,83964.0,0,8,83964.0,0.16999927111931776,0.16999927111931776,2461,0,644,0,0,0,5,0,5,0,382,0,0,0,252,0,0.0,0.0,city,100-year national-river map (five regional files),no intersection with mapped national-river scenario
20250630,39020,서귀포시,180909,39934.0,0,8,39934.0,0.22074081444262034,0.22074081444262034,1835,0,209,0,0,0,1,0,3,0,126,0,0,0,79,0,0.0,0.0,city,100-year national-river map (five regional files),no intersection with mapped national-river scenario
